卡车编号,起点站点,终点站点,调度量,距离(km),时间(分钟),运输成本(元)
T1,S001,S010,8,3.0,25.0,48.0
T1,S002,S005,6,2.8,20.4,33.599999999999994
T1,S003,S005,4,3.0,17.0,24.0
T2,S003,S006,1,3.2,11.6,6.4
T2,S004,S006,1,3.8,13.4,7.6
T3,S002,S010,1,2.8,10.399999999999999,5.6
T3,S004,S008,1,2.5,9.5,5.0
T3,S009,S006,2,3.0,13.0,12.0
