指标,方案A（历史平均）,方案B（XGBoost预测）,改进幅度
总成本（元）,445.8,276.68226000000004,37.9%
运输成本（元）,20.8,3.0,85.6%
偏差成本（元）,425.0,273.68226000000004,35.6%
库存总偏差（辆）,54.0,54.0,0.0%
调度总量（辆）,6.0,3.0,3
调度方案数,5.0,1.0,4
